CRS,REGIA_SAU,MUNICIPIO,TOTAL_VAC,TRAB_SAUDE_40,TRAB_SAUDE_40_COBERT,INDIGENAS,INDIGENAS_COBERT,MAIOR_60,MAIOR_60_COBERT,TOTAL_VAC,TOTAL_COBERT
1º CRS,ARAGUAIA,AGUA AZUL DO NORTE,115,27,24,0,0,5,4,4,32,28
3ºCRS,ARAGUAIA,BANNACH,126,48,38,41,32,40,31,6,129,102
4º CRS,ARAGUAIA,CONCEICAO DO ARAGUAIA,498,23,5,0,0,0,0,0,23,5
4º CRS,ARAGUAIA,CUMARU DO NORTE,851,65,8,10,1,23,2,7,98,12
5ºCRS,ARAGUAIA,FLORESTA DO ARAGUAIA,132,20,15,0,0,0,0,0,20,15
9º CRS,ARAGUAIA,OURILANDIA DO NORTE,1205,30,2,396,33,0,0,0,426,35
9º CRS,ARAGUAIA,PAU D'ARCO,237,46,19,30,13,0,0,0,76,32
10º CRS,ARAGUAIA,REDENCAO,765,16,2,23,3,0,0,0,39,5
10º CRS,ARAGUAIA,RIO MARIA,124,50,40,0,0,0,0,0,50,40
11º CRS,ARAGUAIA,SANTA MARIA DAS BARREIRAS,128,40,31,0,0,0,0,0,40,31
11º CRS,ARAGUAIA,SANTANA DO ARAGUAIA,234,41,18,14,6,0,0,0,55,23
11º CRS,ARAGUAIA,SAO FELIX DO XINGU,1115,51,5,338,30,0,0,0,389,35
12ºCRS,ARAGUAIA,SAPUCAIA,62,18,29,0,0,1,1,6,19,31
12ºCRS,ARAGUAIA,TUCUMA,334,12,4,0,0,0,0,0,12,4
13º CRS,ARAGUAIA,XINGUARA,363,35,10,0,0,8,2,2,43,12
2º CRS,BAIXO AMAZONAS,ALENQUER,257,45,18,0,0,0,0,0,45,18
2º CRS,BAIXO AMAZONAS,ALMEIRIM,260,19,7,38,15,0,0,0,57,22
3ºCRS,BAIXO AMAZONAS,BELTERRA,413,31,8,0,0,0,0,0,31,8
5ºCRS,BAIXO AMAZONAS,CURUA,48,10,21,0,0,0,0,0,10,21
5ºCRS,BAIXO AMAZONAS,FARO,87,37,43,0,0,0,0,0,37,43
7ºCRS,BAIXO AMAZONAS,JURUTI,306,26,8,0,0,0,0,0,26,8
8º CRS,BAIXO AMAZONAS,MOJUI DOS CAMPOS,72,43,60,0,0,0,0,0,43,60
9º CRS,BAIXO AMAZONAS,MONTE ALEGRE,218,64,29,0,0,0,0,0,64,29
9º CRS,BAIXO AMAZONAS,OBIDOS,421,27,6,81,19,0,0,0,108,26
9º CRS,BAIXO AMAZONAS,ORIXIMINA,1780,18,1,653,37,0,0,0,671,38
9º CRS,BAIXO AMAZONAS,PLACAS,111,20,18,0,0,0,0,0,20,18
10º CRS,BAIXO AMAZONAS,PRAINHA,123,24,20,0,0,0,0,0,24,20
11º CRS,BAIXO AMAZONAS,SANTAREM,6475,396,6,1727,27,0,0,0,2123,33
12ºCRS,BAIXO AMAZONAS,TERRA SANTA,98,31,32,0,0,0,0,0,31,32
1º CRS,CARAJÁS,ABEL FIGUEIREDO,294,200,68,0,0,9,3,1,209,71
3ºCRS,CARAJÁS,BOM JESUS DO TOCANTINS,47,30,64,27,58,0,0,0,57,122
4º CRS,CARAJÁS,BREJO GRANDE DO ARAGUAIA,602,43,7,0,0,0,0,0,43,7
4º CRS,CARAJÁS,CANAA DOS CARAJAS,40,10,25,16,40,0,0,0,26,64
5ºCRS,CARAJÁS,CURIONOPOLIS,361,29,8,0,0,0,0,0,29,8
5ºCRS,CARAJÁS,DOM ELISEU,91,55,61,0,0,0,0,0,55,61
5ºCRS,CARAJÁS,ELDORADO DOS CARAJAS,107,39,37,0,0,0,0,0,39,37
7ºCRS,CARAJÁS,ITUPIRANGA,561,47,8,167,30,0,0,0,214,38
7ºCRS,CARAJÁS,MARABA,1609,31,2,0,0,0,0,0,31,2
9º CRS,CARAJÁS,NOVA IPIXUNA,70,22,32,0,0,0,0,0,22,32
9º CRS,CARAJÁS,PALESTINA DO PARA,42,13,31,0,0,0,0,0,13,31
9º CRS,CARAJÁS,PARAUAPEBAS,2296,31,1,476,21,0,0,0,507,22
9º CRS,CARAJÁS,PICARRA,60,25,41,0,0,0,0,0,25,41
10º CRS,CARAJÁS,RONDON DO PARA,203,35,17,0,0,0,0,0,35,17
11º CRS,CARAJÁS,SAO DOMINGOS DO ARAGUAIA,136,75,55,12,9,0,0,0,87,64
11º CRS,CARAJÁS,SAO GERALDO DO ARAGUAIA,363,31,9,108,30,0,0,0,139,38
12ºCRS,CARAJÁS,SAO JOAO DO ARAGUAIA,92,29,32,0,0,0,0,0,29,32
4º CRS,LAGO TUCURUÍ,BREU BRANCO,354,14,4,0,0,0,0,0,14,4
5ºCRS,LAGO TUCURUÍ,GOIANESIA DO PARA,167,39,23,19,11,5,3,0,63,38
7ºCRS,LAGO TUCURUÍ,JACUNDA,202,20,10,17,8,0,0,0,37,18
9º CRS,LAGO TUCURUÍ,NOVO REPARTIMENTO,203,75,37,120,59,7,3,5,202,100
12ºCRS,LAGO TUCURUÍ,TAILANDIA,937,14,1,0,0,0,0,0,14,1
12ºCRS,LAGO TUCURUÍ,TUCURUI,1109,83,7,120,11,0,0,0,203,18
1º CRS,MARAJO I,AFUA,189,30,16,0,0,0,0,0,30,16
4º CRS,MARAJO I,CACHOEIRA DO ARARI,56,11,20,0,0,0,0,0,11,20
4º CRS,MARAJO I,CHAVES,81,26,32,0,0,0,0,0,26,32
9º CRS,MARAJO I,MUANA,104,44,42,0,0,0,0,0,44,42
10º CRS,MARAJO I,PONTA DE PEDRAS,94,21,22,0,0,0,0,0,21,22
11º CRS,MARAJO I,SALVATERRA,66,10,15,0,0,0,0,0,10,15
11º CRS,MARAJO I,SANTA CRUZ DO ARARI,63,30,48,0,0,0,0,0,30,48
12ºCRS,MARAJO I,SAO SEBASTIAO DA BOA VISTA,123,30,24,0,0,0,0,0,30,24
12ºCRS,MARAJO I,SOURE,111,80,72,0,0,0,0,0,80,72
2º CRS,MARAJO II,ANAJAS,90,30,33,0,0,0,0,0,30,33
3ºCRS,MARAJO II,BAGRE,104,75,72,0,0,0,0,0,75,72
4º CRS,MARAJO II,BREVES,453,187,41,0,0,0,0,0,187,41
5ºCRS,MARAJO II,CURRALINHO,96,74,77,0,0,0,0,0,74,77
5ºCRS,MARAJO II,GURUPA,192,65,34,0,0,0,0,0,65,34
8º CRS,MARAJO II,MELGACO,141,24,17,0,0,0,0,0,24,17
10º CRS,MARAJO II,PORTEL,170,32,19,0,0,0,0,0,32,19
2º CRS,METROPOLITANA I,ANANINDEUA,3639,94,3,0,0,0,0,0,94,3
3º CRS,METROPOLITANA I,BELEM,19760,10,0,0,0,0,0,0,10,0
3º CRS,METROPOLITANA I,BENEVIDES,272,53,19,0,0,0,0,0,53,19
8º CRS,METROPOLITANA I,MARITUBA,780,26,3,0,0,0,0,0,26,3
11º CRS,METROPOLITANA I,SANTA BARBARA DO PARA,109,41,38,0,0,0,0,0,41,38
1º CRS,METROPOLITANA II,ACARA,180,68,38,0,0,0,0,0,68,38
4º CRS,METROPOLITANA II,BUJARU,76,27,36,0,0,0,0,0,27,36
4º CRS,METROPOLITANA II,COLARES,63,9,14,0,0,0,0,0,9,14
4º CRS,METROPOLITANA II,CONCORDIA DO PARA,121,49,41,0,0,0,0,0,49,41
11º CRS,METROPOLITANA II,SANTA ISABEL DO PARA,377,23,6,0,0,0,0,0,23,6
11º CRS,METROPOLITANA II,SANTO ANTONIO DO TAUA,119,87,73,0,0,0,0,0,87,73
11º CRS,METROPOLITANA II,SAO CAETANO DE ODIVELAS,73,10,14,0,0,0,0,0,10,14
12º CRS,METROPOLITANA II,TOME-ACU,680,32,5,161,24,4,0,6,197,29
13º CRS,METROPOLITANA II,VIGIA,244,151,62,0,0,0,0,0,151,62
2º CRS,METROPOLITANA III,AURORA DO PARA,1446,80,6,0,0,0,0,0,80,6
4º CRS,METROPOLITANA III,CAPITAO POCO,176,14,8,0,0,0,0,0,14,8
4º CRS,METROPOLITANA III,CASTANHAL,191,46,24,0,0,0,0,0,46,24
5ºCRS,METROPOLITANA III,CURUCA,51,21,41,0,0,0,0,0,21,41
5ºCRS,METROPOLITANA III,GARRAFAO DO NORTE,40,30,76,0,0,0,0,0,30,76
5ºCRS,METROPOLITANA III,IGARAPE-ACU,125,71,57,0,0,0,0,0,71,57
6º CRS,METROPOLITANA III,INHANGAPI,210,38,18,0,0,0,0,0,38,18
6º CRS,METROPOLITANA III,IPIXUNA DO PARA,122,67,55,0,0,0,0,0,67,55
6º CRS,METROPOLITANA III,IRITUIA,102,44,43,0,0,0,0,0,44,43
7ºCRS,METROPOLITANA III,MAE DO RIO,29,17,58,0,0,11,37,7,28,96
7ºCRS,METROPOLITANA III,MAGALHAES BARATA,48,16,33,0,0,0,0,0,16,33
7ºCRS,METROPOLITANA III,MARACANA,115,28,24,0,0,0,0,0,28,24
8º CRS,METROPOLITANA III,MARAPANIM,295,23,8,0,0,0,0,0,23,8
9º CRS,METROPOLITANA III,NOVA ESPERANCA DO PIRIA,289,15,5,0,0,0,0,0,15,5
9º CRS,METROPOLITANA III,PARAGOMINAS,221,28,13,36,16,0,0,0,64,29
11º CRS,METROPOLITANA III,SANTA MARIA DO PARA,155,44,28,29,19,3,1,9,76,49
11º CRS,METROPOLITANA III,SAO DOMINGOS DO CAPIM,147,15,10,0,0,0,0,0,15,10
11º CRS,METROPOLITANA III,SAO FRANCISCO DO PARA,79,28,36,0,0,0,0,0,28,36
11º CRS,METROPOLITANA III,SAO JOAO DA PONTA,1590,23,1,0,0,0,0,0,23,1
12ºCRS,METROPOLITANA III,SAO MIGUEL DO GUAMA,441,9,2,0,0,0,0,0,9,2
12ºCRS,METROPOLITANA III,TERRA ALTA,261,175,67,0,0,0,0,0,175,67
12ºCRS,METROPOLITANA III,ULIANOPOLIS,285,89,31,0,0,0,0,0,89,31
2º CRS,RIO CAETES,AUGUSTO CORREA,173,18,10,0,0,0,0,0,18,10
3ºCRS,RIO CAETES,BONITO,54,26,48,0,0,0,0,0,26,48
3ºCRS,RIO CAETES,BRAGANCA,749,7,1,0,0,2,0,3,9,1
4º CRS,RIO CAETES,CACHOEIRA DO PIRIA,109,19,17,0,0,0,0,0,19,17
4º CRS,RIO CAETES,CAPANEMA,834,15,2,0,0,0,0,0,15,2
9º CRS,RIO CAETES,NOVA TIMBOTEUA,74,12,16,0,0,0,0,0,12,16
9º CRS,RIO CAETES,OUREM,65,55,85,0,0,0,0,0,55,85
9º CRS,RIO CAETES,PEIXE-BOI,39,30,77,0,0,3,7,7,33,84
10º CRS,RIO CAETES,PRIMAVERA,60,35,59,0,0,0,0,0,35,59
10º CRS,RIO CAETES,QUATIPURU,56,32,57,0,0,5,8,9,37,66
11º CRS,RIO CAETES,SALINOPOLIS,183,24,13,0,0,0,0,0,24,13
11º CRS,RIO CAETES,SANTA LUZIA DO PARA,606,27,4,226,37,0,0,0,253,42
11º CRS,RIO CAETES,SANTAREM NOVO,36,17,47,0,0,0,0,0,17,47
11º CRS,RIO CAETES,SAO JOAO DE PIRABAS,91,30,33,0,0,7,7,7,37,41
12ºCRS,RIO CAETES,TRACUATEUA,195,48,25,0,0,0,0,0,48,25
13º CRS,RIO CAETES,VISEU,260,29,11,0,0,0,0,0,29,11
2º CRS,TAPAJOS,AVEIRO,370,61,16,20,5,0,0,0,81,22
6º CRS,TAPAJOS,ITAITUBA,1138,88,8,185,16,0,0,0,273,24
7ºCRS,TAPAJOS,JACAREACANGA,4801,14,0,30,1,0,0,0,44,1
9º CRS,TAPAJOS,NOVO PROGRESSO,811,22,3,60,7,5,0,6,87,11
11º CRS,TAPAJOS,RUROPOLIS,184,12,7,0,0,0,0,0,12,7
12ºCRS,TAPAJOS,TRAIRAO,78,30,38,0,0,0,0,0,30,38
1º CRS,TOCANTINS,ABAETETUBA,951,500,53,0,0,4,0,4,504,53
3ºCRS,TOCANTINS,BAIAO,891,44,5,40,4,0,0,0,84,9
3ºCRS,TOCANTINS,BARCARENA,266,13,5,0,0,0,0,0,13,5
4º CRS,TOCANTINS,CAMETA,262,16,6,0,0,1,0,4,17,6
6º CRS,TOCANTINS,IGARAPE-MIRI,252,150,60,0,0,0,0,0,150,60
7ºCRS,TOCANTINS,LIMOEIRO DO AJURU,603,23,4,0,0,3,0,5,26,4
8º CRS,TOCANTINS,MOCAJUBA,117,48,41,0,0,0,0,0,48,41
8º CRS,TOCANTINS,MOJU,122,35,29,39,32,0,0,0,74,60
9º CRS,TOCANTINS,OEIRAS DO PARA,139,77,55,0,0,7,5,0,84,61
2º CRS,XINGU,ALTAMIRA,3130,16,1,890,28,8,0,3,914,29
2º CRS,XINGU,ANAPU,1010,30,3,63,6,9,0,9,102,10
3ºCRS,XINGU,BRASIL NOVO,90,12,13,0,0,0,0,0,12,13
8º CRS,XINGU,MEDICILANDIA,105,36,34,0,0,5,4,8,41,39
9º CRS,XINGU,PACAJA,138,60,43,0,0,0,0,0,60,43
10º CRS,XINGU,PORTO DE MOZ,140,23,16,6,4,0,0,0,29,21
12ºCRS,XINGU,SENADOR JOSE PORFIRIO,610,33,5,45,7,0,0,0,78,13
13º CRS,XINGU,URUARA,200,41,20,0,0,0,0,0,41,20
13º CRS,XINGU,VITORIA DO XINGU,422,31,7,127,30,0,0,0,158,37
,,,,,,,,,,,
